@name,value,#comment,#,#,#,str,#,#,#
#,,,,,,,,,
#,,What is New,,,,,,,
help_url,0,,,,,- ,,,
what_is_new,0,"what-is-new text appearing at launch of new version (see to the right, column ""str"")",, ,,"*Ultimate Admiral: Dreadnoughts* 

-------------------------------------------------------------------------------------------------------------
*Naval Arms Race mod overhaul (N.A.R.), made by the Baron --Major Powers-- beta 2.6  for UAD 1.6.0.6*
-------------------------------------------------------------------------------------------------------------
Naval Arms Race, or simple N.A.R., is a mod overhaul for U.A.D. that reworks several game mechanics with focus in historical accuracy. Adds new nations, ships and rework many others. Other gameplay improvements are also made where it is possible to provide a more enjoyable experience with more interesting choices for the player.

Special thanks to Nick Thomadis from the U.A.D. team, for all the help and the precious information shared, to NathanKell and his brilliant work TweaksAndFixes that gave me the tools I needed to expand what it is possible to do, and to all the players that shared feedback. It helped me a lot, some with interesting suggestions, others by reporting bug fixing issues.

Best regards, the Baron. 
*==============================* 
If you are a YouTuber playing Ultimate Admiral: Dreadnoughts and received a copyright claim, please dispute the claim and it will be resolved within 48 hours. In the Google dispute dialogue, write in the ""Reason"" field: Game: Ultimate Admiral: Dreadnoughts Music is licensed from Audio Network Limited License O-0000110236 *Note:* You can avoid the above mentioned procedure if you turn-off the music while broadcasting our game.
",,,
credits,0,credits text,,,,"*--- PRODUCTION DESIGN ---*
Nick Thomadis 
Maxim Zasov

*--- DEVELOPMENT TEAM ---*

*Design, Sound, Writing, Programming*
Nick Thomadis

*Main Programming*
Denis Nagornyi
Nikolay Karpuscha
Evelina Vakatova

*3D Art*
Maxim Vitiuk

*--- PART TIME SUPPORT ---*

*Programming*
Roman Marchenko

*2D Art*
Vyacheslav Buhaiov
Yaroslav Medvedev

*Consulting, QA*
Dmitriy Oksuzov

*--- SPECIAL THANKS ---*

*Programming, Design*
Mikhail Kozlov",,,
#,,New game,,,,,,,
new_game_missions_won,3,"minimal amount of missions won to unlock ""new game""",economy calculator,,,,,,
start_year,1900,default starting year,comment,variable / variable = formula,input / result,,,,
cash_start_part,0.0035,starting amount of money as part of yearly budget,money delta per month,income = revenue - expenses,#REF!,,,,
cash_start_randomness,0.05,plus-minus randomness ratio of amount of starting money,all money gain,revenue = budget,"2,187,500",,,,
wealth_start_randomness,5,at new game plus-minus this amount of monthly wealth growth will be applied,all money loss,expenses = expenses_fixed +  budget * ( tech_budget + intel_budget + training_budget + shipyard_budget )/100 + maintenance + shipbuilding + ship_repairing,#REF!,,,,
shipyard_start,12500,starting size of shipyard,full yearly state budget,state_budget = ( budget_base + province_income * provinces ) * ( 1 + budget_mod_mult * budget_mod ) * ( 1+ wealth ),"656,250,000",,,,
shipyard_start_increase,100,increase of shipyard per year after minimal year (only for new game),actual monthly budget,budget = state_budget/12 * ( naval_budget_percent * (war?war_naval_budget_mult:1))/100,"2,187,500",,,,
start_tech_year_spread,0.02,random starting technologies: plus-minus this amount of years you will get techs,"type ""war"" or ""peace""",war,peace,,,,
province_dev_randomness,0.1,plus-minus randomness ratio of each province starting development,player answer events,budget_mod,0,,,,
province_population_randomness,0,plus-minus randomness ratio of each province starting population,player answer events,provinces,10,,,,
end_tech_max_level,80,Max turns of research to receive max. dissipation of end tech,,,,,,,
end_tech_max_penalty,0.8,End tech max dissipation penalty,,,,,,,
campaign_max_year,1940,The maximum year allowed to start a campaign.,,,,,,,
#,,Budget,from growth/events,wealth,0.05,,,,
budget_base,"50,000,000.",base budget (per year),player adjust ui slider,tech_budget,5,,,,
budget_mod_mult,0.01,"multiplier for event's budget-modifier, as ratio of budget-base (rtw:0.05)",player adjust ui slider,intel_budget,2.5,,,,
province_income,"35,000,000.",income from single province per 1 production,player adjust ui slider,training_budget,5,,,,
medium_nation_province_income_percent,0.1,percent of income added from allied medium nations,,,,,,,
oil_capacity_province_income_mod,10000,Extra province income on Oil,,,,,,,
oil_capacity_province_linear_mod,10,Modifier for base oil production,,,,,,,
oil_capacity_medium_nation_income,0.1,Special alliance with medium nation provides part of oil production,,,,,,,
naval_budget_percent,4,naval budget as percent of full state's budget,player adjust ui slider,shipyard_budget,#REF!,,,,
war_naval_budget_mult,1.5,multiplier for naval budget share if we are at war,all ships' maintenance cost,maintenance = sum[ships_normal] ( cost * ship_maintenance ),160,,,,
expenses_fixed,"100,000.",,shipbuilding cost,shipbuilding = sum[ships_building] ( cost / build_time ),100,,,,
expenses_fixed_randomness,1.5,ratio of randomness of fixed expenses,ship repairing cost,repairing = sum[ships_repairing] ( cost / build_time * repair_cost_mult ),45,,,,
fleet_generation_chance,33,Base chance to generate ships for a simulated turn.,,,,,,,
fleet_generation_years,3,number of years to simulate auto-fleet generation,,,,,,,
fleet_generation_index_chance,10,"the smaller the value, the more ships will be auto-generated, on average",,,,,,,
fleet_generation_money_min,0.22,"for starting year 1890, if player money <= X * GDP then ships not generated (the higher, the less ships generated).",,,,,0.35,,
fleet_generation_money_max,0.1,the same as above but for year 1940,,,,,0.2,,
min_fleet_tonnage_for_scrap,200000,Min Fleet Tonnage needed to start scrapping ships,,,,,,,
#,,Ship Maintenance,amount of active ships,ships_normal,8,,,,
ship_maintenance,0.02,ship maintenance cost: part of cost paid every month (rtw: 0.005/0.0025/0.001),amount of building ships,ships_building,2,,,,
suspend_cost_multiplier,0.15,ship maintenance cost if building is suspended,,,,,,,
limited_maintenance_multiplier,0.5,"ship maintenance cost modifier when it is on ""Limited"" state",,,,,,,
defend_maintenance_multiplier,0.65,"ship maintenance cost modifier when it is on ""Defend"" state",,,,,,,
sea_control_maintenance_multiplier,1.2,"ship maintenance cost modifier when it is on ""Sea Control"" state",,,,,,,
protect_role_maintenance_multiplier,1.2,"ship maintenance cost modifier when it is on ""Protect"" state",,,,,,,
invade_role_maintenance_multiplier,1.2,"ship maintenance cost modifier when it is on ""Invade"" state",,,,,,,
mothball_maintenance_cost_multiplier,0.2,"ship maintenance cost modifier when it is on ""Mothball"" state",,,,,,,
ship_scrap,0.15,scrap return: part of ships cost returned to player after scrapping (rtw: 0.03),amount of repairing ships,ships_repairing,1,,,,
ship_movement_cost_turn,0.013,"Additional cost of ships when at sea, depending on their cost",,,,,,,
#,,Economy,average cost of ship,ship_average_cost,"1,000,000",,,,
revol_wealth_growth_add,-0.001,,,,,,,,
revol_gdp_multiplier,-0.005,,,,,,,,
wealth_growth,0.004,"growth of state's wealth, ratio, monthly, 0.007",average building time,building_average_time,20,,,,
war_wealth_growth_add,-0.0015,"addition to wealth growth, if we are at war",peace month inflation,peace_inflation,0.055%,,,,
inflation,0.0004,inflation monthly,war month inflation,war_inflation,1.255%,,,,
war_inflation_add,0.01,"addition to inflation, if we are at war",peace one year inflation,peace_year_inflation,0.662%,,,,
threshold_deflation,-0.01171,"minimum level of actual wealth growth, after which decrease of inflation will apply",war one year inflation,war_year_inflation,16.1443%,,,,
cycle_wealth_amplitude,0.001,economic cycle wealth ampitude (1+[-a/+a]) (applied to actual wealth growth),current month inflation,inflation,0.055%,,,,
cycle_wealth_period,60,"economic cycle period, in months",wealth growth monthly,wealth_growth,+0.495%,,,,
change_limit_wealth_growth,1,limit for monthly change of wealth growth,10 year growth of wealth,wealth_growth_10y,+80.8567%,,,,
change_limit_inflation,1,limit for monthly change of inflation,,,,,,,
province_income_max_modifier,7.5,Income max. scale according to campaign initial year (1890-1940),,,,,,,
port_capacity_max_modifier,5.5,Port max. scale according to campaign initial year (1890-1940) ,,,,,,,
initial_player_cash_multiplier,4,Funds max. scale for own fleet (1890-1940) ,,,,,,,
initial_cash_without_fleet_multiplier,0.4,Additional funds multiplier for own fleet,,,,,,,
port_capacity_growth_modifier,1,Affects growth of port capacity,,,,,,,
population_growth_modifier,0.6,Affects growth of  population,,,,,,,
lose_provinces_threshold,0.3,threshold of province income to dissolve a nation,,,,,,,
#,,Shipyard,,,,,,,
shipyard_dev_cost,30000,cost of increasing shipyard size by 1 t,,,,,,,
shipyard_cancel_built_penalty,0.6,penalty for current shipyard development if it is cancelled,,,,,,,
shipyard_dev_min_time_months,6,minimum time to build shipyard,,,,,,,
shipyard_dev_max_time_months,36,maximum time to build shipyard,,,,,,,
shipyard_dev_min_amount_tons,500,shipyard tons at min. built time,,,,,,,
shipyard_dev_max_amount_tons,3000,shipyard tons at max. built time,,,,,,,
shipyard_max_modifier,4.5,shipyard size development bonus according to year (LERP max. at 1940),,,,,,,
shipyard_build_amount_max_modifier,7,shipyard tonnage built time speed according to year (LERP max. at 1940),,,,,,,
#,,Required Tonnage,required tonnage,req_tonnage = your_provinces_dev_sum * req_tonnage_mult * ( 1 + req_tonnage_from_peace_ships * peace_other_players_ships + req_tonnage_from_war_ships * war_other_players_ships,"5,2",,,,
req_tonnage_mult,2000,required fleets tonnage: total multiplier,your provinces' development,your_provinces_dev_sum ,2,,,,
req_tonnage_from_peace_ships,0.0002,required fleets tonnage: multiplier for summed tonnage of other peaceful players (except allies),peaceful players tonnage,peace_other_players_ships,0,,,,
req_tonnage_from_alliance_ships,0.00012,required fleets tonnage: multiplier for summed tonnage of allies,alliance players tonnage,alliance_other_players_ships,0,,,,
req_tonnage_from_war_ships,0.0003,required fleets tonnage: multiplier for summed tonnage of other hostile players,hostile players tonnage,war_other_players_ships,1,,,,
req_tonnage_mult_sub,2000,required submarines tonnage: total multiplier,,,,,,,
req_tonnage_from_peace_subs,0.0006,required submarines  tonnage: multiplier for summed tonnage of other peaceful players (except allies),,,,,,,
req_tonnage_from_alliance_subs,0.0005,required submarines  tonnage: multiplier for summed tonnage of allies,,,,,,,
req_tonnage_from_war_subs,0.008,required submarines  tonnage: multiplier for summed tonnage of other hostile players,,,,,,,
attack_power_factor,2,Linear modifier to increase power needed for attack,600,,,,,,
defense_power_factor,8,Linear modifier to increase power needed for defense,1200,,,,,,
denial_zone_radius_min,50,min radius of denial zone in km,,,,,,,
denial_zone_radius_max,200,max radius of denial zone in km,,,,,,,
sub_zone_radius_min,15,min radius of submarine zone in km,,,,,,,
sub_zone_radius_max,50,max radius of submarine zone in km,,,,,,,
submarine_attack_range_mod,0.006,additional modifier for sub denial zone,,,,,,,
denial_zone_size_modifier,0.0091,additional modifier for ship denial zone,,,,,,,
province_income_tension_modifier,0.25,,,,,,,,
negative_tension_threshold,1,,,,,,,,
tension_power_threshold,1.25,,,,,,,,
#,,Measures,,,,,,,
speed_step,0.1,minimal step of step for constructor/growth (in knots),0.5,,,,,,
tonnage_step,1,minimal step of tonnage for constructor/growth,100,,,,,,
armor_step_mm,2.5,armor increment step in mm (for armor zones),5,,,,,,
armor_step_inch,0.1,armor increment step in inches (for armor zones),0.5,,,,,,
beam_draught_step,0.2,minimal step for beam/draught edit,,,,,,,
#,,Ship Build/Repair/Refit,,,,,,,
ship_construction_time_modifier,0.6,modifier to the ship construction time,1,,,,,,
repair_cost_mult,0.5,repair cost (multiplier to build cost),1.5,,,,,,
repair_time_mult,0.45,repair time (multiplier to build time),0.3,,,,,,
commissioning_cost_mult,0.7,commissioning cost (multiplier to build cost),,,,,,,
commissioning_time_mult,0.12,commissioning time (multiplier to build time),,,,,,,
refit_cost_mult,1,refit cost (multiplier to build cost),,,,,,,
refit_simple_mult,0.05,standart refit_cost_mult and refit_time_mult if no added on refit ship new Parts,,,,,,,
refit_time_simple_mult,0.05,refit simple construction time mod,,,,,,,
refit_time_mult,0.3,refit time (multiplier to build time),,,,,,,
refit_time_modifier,0.3,For New Calculate Refit Time,,,,,,,
ai_refit_base,0.5,"Choose whether to create an updated design based on existing designs, or create a new one and build.",,,,,,,
ai_refit_simple,0.7,Ð¡hoice between updating only technical characteristics of the ship and replacing parts.,,,,,,,
refit_min_speed_threshold_decrease,0.275,Multiplier for minimum speed on Auto-Refit.,,,,,,,
ai_ship_gdp_ratio,40000,"threshold that makes AI to stop building ships. As we enlarge, the AI will stop building ships sooner in relation to GDP/Tonnage.",,,,,,,
build_ships_min_crew_pool_amount,1500,Min crew in pool to build new ships,,,,,,,
override_shipybuilding_limit,1.25,Percentage above shipbuilding capacity where the AI will desire to stop ordering new ships,,,,,,,
base_flaws_chance,60,Base Flaws Chance,,,,,,,
refit_flaws_repair_base,0.45,Base Repair Chance for Reduce Flaws Effect,,,,,,,
#,,Material Costs,,,Price Modifier,,,,
price_steel,0.238,steel,53,0.477,0.009,,,,
price_nickel,6.304,nickel,1401,12.609,,,,,
price_chrome,3.442,chrome,765,6.885,,,,,
price_molybdenum,44.2,molybdenum,9800,88.2,,,,,
price_copper,2.623,copper,583,5.247,,,,,
price_hull,1500,hull foundation,,,,,,,
price_surv,450,"""survivability"" hull's portion",,,,,,,
price_armor,900,armor material (mix),,,,,,,
price_turret,9000,turret's foundation,,,,,,,
price_barrel,25000,barrel (mix),,,,,,,
price_engine,15,engine (mix),143.1,,,,,,
price_anti_torp,1300,anti-torpedo protection,,,,,,,
price_fuel,250,fuel storage (not itself),,,,,,,
price_ammo,2800,ammo storage (not itself),,,,,,,
price_torpedoes,7500,torpedo tubes,,,,,,,
#,,Research,,,,,,,
research_progress_base,1.55,"base research progress (percent), will take 100/x months to research technology",0.8,,,,,,
research_late_years_to_double,5,"double research speed, if technology is late by this amount of years",6,,,,,,
research_early_years_to_stall,9,"zero research speed, if tech is too early by this amount of years",10,,,,,,
research_time_mod_min,0.4,lowest possible research multiplier from time difference,0.75,,,,,,
research_time_mod_max,1.35,highest possible research multiplier from time difference,1.15,,,,,,
research_budget_mod_min,0.67,highest possible research multiplier from budget difference to richest player,0.5,,,,,,
research_priority_weight,5,increased weight for prioritized researches,2,,,,,,
research_priority_penalty,4,weight penalty for non prioritized researches,8,,,,,,
tech_mod_randomness,0,randomness for each player's hidden research mod for each tech type: one plus minus this value,0.3,,,,,,
tech_budget_max,50,"maximal amount of budget spent on research, percent",50,,,,,,
tech_budget_boost,110,"boost of research from maximum tech budget relative to average budget (percent), if above average",30,"formula: b1, see formula:",https://www.desmos.com/calculator/v2kyqokmeb,,,,
tech_budget_reduce,100,"reduce of research from maximum tech budget relative to average budget (percent), if below average",100,formula: b2,,,,,
tech_budget_curver,3.8,curver of arc for tech research speed formula,5.7,formula: a,,,,,
tech_priorities,3,max amount of tech priorities,3,,,,,,
hide_research_below,25,hide research info if progress is below this percent,30,,,,,,
#,,Intelligence,,,,,,,
intel_budget_max,25,"maximal amount of budget spent on intelligence, percent",25,,,,,,
#,,Crew Training,,,,,,,
population_max_lerp_factor,1.75,maximal modifier of population in 1940,,,,,,,
crew_pool_modifier,0.0002,the initial crew pool modifier depending on Home population,,,,,,,
crew_pool_income_modifier_max,0.00003,how much crew can be added per turn according to GDP,,,,,,,
crew_pool_max_ratio,2,How many times the Crew Pool is bigger than the Sum of Crew used in ships to minimize the cost of Crew Pool reserve,,,,,,,
crew_budget_cost_modifier,1000,how much it costs the crew budget per turn modifier,,,,,,,
training_budget_max,50,maximal amount of budget spent on crew training (percent),25,,,,,,
training_budget_start,0.25,initial amount of training budget (ratio of max),0.2,,,,,,
training_budget_required,0.15,"amount of budget to do positive training, not degrade (ratio of max) (less than start)",0.15,,,,,,
training_degrade_chance,15,chance to degrade crew from low training budget (percent),15,,,,,,
training_train_chance,15,chance to train crew from high training budget (percent),15,,,,,,
training_train_max,-1,"max level of training by budget (string, acc group, to the right)",crew_average,,,crew_average,,,
min_crew_pool_training_points,-6,min training points lost for crew pool due to lack of training funds,,,,,,,
max_crew_pool_training_points,6.5,max training points gained for crew pool due to training funds,,,,,,,
min_training_points,-5,min ship training points lost per turn due to lack of training funds,,,,,,,
max_training_points,10,max ship training points gained per turn from training funds,,,,,,,
battle_training_points_min,-35,min ship training points lost from battle,-10,,,,,,
battle_training_points_max,25,max ship training points gained from battle,10,,,,,,
limited_training_modifier,0.5,"training modifier for ships at ""limited"" mode",,,,,,,
ship_enemy_damage_training_modifier,0.011,xp gained modifier from damage,0.00125,,,,,,
ship_own_damage_training_modifier,0.006,xp lost modifier from damage ,0.002,,,,,,
ship_crew_loses_training_modifier,0.15,xp loss modifier from crew damage,0.1,,,,,,
campaign_crew_max_training_amount,0.35,max training points received from training (campaign),35,,,,,,
crew_damage_threshold,0.4,amount of damage to have chance to reduce crew training (ratio of 1),0.4,,,,,,
crew_battle_demote_chance,30,"chance to demote crew by one, if damage above threshold (percent)",30,,,,,,
crew_battle_promote_chance,30,"chance to promote crew by one, if damage below threshold (percent)",30,,,,,,
crew_weight_min,0.25,crew weight modifier at min operational range,,,,,,,
crew_weight_max,0.5,crew weight modifier at max operational range,,,,,,,
training_cost_min,0.1,training cost modifier minimum,0.0001,,,,,,
training_cost_max,0.5,training cost modifier maximum,0.00125,,,,,,
crew_quarters_min,0.8,modifier for crew numbers at minimum quarters,0.7,,,,,,
crew_quarters_max,1.2,modifier for crew numbers at maximum quarters,1,,,,,,
crew_quarters_min_threshold,1,min crew percent to operate stations without efficiency penalty (Min Quarters),1,,,,,,
crew_quarters_max_threshold,0.8,min crew percent to operate stations without efficiency penalty (Max Quarters),0.7,,,,,,
quarters_weight_expfactor,0.4,power factor for estimating  crew quarters weight according to displacement,0.5,,,,,,
quarters_weight_linearfactor,0.015,linear factor for estimating  crew quarters weight according to displacement,0.015,,,,,,
quarters_weight_to_cost_mod,1000,cost modifier for crew quarters per ton,1300,,,,,,
quarters_cost_mod,1,Final cost modifier for quarters,,,,,,,
hp_per_crew,9,health points of each crew member during combat,,,,,,,
he_crew_damage_multiplier,6.85,hp damage from HE shells,,,,,,,
ap_crew_damage_multiplier,5,hp damage from AP shells ,,,,,,,
crew_hit_shipsize_factor,0.66,power factor for determining crew losses according to ship size,,,,,,,
crew_damage_section_shipsize_factor,0.75,power factor for determining crew losses according to ship size for continuous effects (flooding/fire etc.),,,,,,,
crew_fire_damage,0.4,crew damage from fire modifier,12.5,,,,,,
section_total_flood_crew_damage,0.5,crew damage from flooding modifier,13,,,,,,
crew_loss_max_percents,0.65,crew loss max percentage modifier from a single hit ,0.2,,,,,,
crew_control_penalty_damage_control,0.5,"max. penalty for ""damage control"" to ""control"" station",0.5,,,,,,
crew_control_penalty_aiming,0.5,"max. penalty for ""aiming"" to ""control"" station",0.25,,,,,,
crew_main_guns_penalty_reload,0.95,"max. penalty for ""reload"" to ""main guns"" station",0.25,,,,,,
crew_main_guns_penalty_long_accuracy,0.9,"max. penalty for ""long range accuracy"" to ""main guns"" station",0.1,,,,,,
crew_sec_guns_penalty_reload,0.95,"max. penalty for ""reload"" to ""sec guns"" station ",0.25,,,,,,
crew_sec_guns_penalty_long_accuracy,0.9,"max. penalty for ""long range accuracy"" to ""sec guns"" station",0.1,,,,,,
crew_torpedoes_penalty_reload,0.95,"max. penalty for ""reload"" to ""torpedoes"" station",0.25,,,,,,
crew_torpedoes_penalty_accuracy,0.5,"max. penalty for ""accuracy"" to ""torpedoes"" station",0.1,,,,,,
crew_damage_section_flood_threshold,20,damage to section needed to start causing flooding damage to crew,20,,,,,,
crew_damage_gun_torpedo_multiplier,8,crew damage modifier for detonations,,,,,,,
control_crew_damage_multiplier,1.1,"damage modifier to damage ""control"" crew",,,,,,,
main_guns_crew_damage_multiplier,1.3,"damage modifier to damage ""main guns"" crew",,,,,,,
sec_guns_crew_damage_multiplier,1.2,"damage modifier to damage ""sec guns "" crew",,,,,,,
torpedoes_crew_damage_multiplier,11,"damage modifier to damage ""torpedoes"" crew",,,,,,,
crew_ram_damage,2,damage crew modifier from ramming,,,,,,,
crew_percents_surrender_threshold,0.5,minimum crew to operate ship during combat for no surrender,,,,,,,
min_crew_threshold,0.7,minimum crew to operate ship in campaign,,,,,,,
hull_crew_base_factor,1,multiplier for crew modification according to hull weight,,,,,,,
#,,Loading Screens,,,,,,,
loading_chance_hint,25,chance of showing hint relating to history info,25,,,,,,
#,,CampaingMap,,,,,,,
scale_mult_indicator_oil_rebellion,0.35,Multiplier for the scale size of the Oil and Rebellion icons,25,,,,,,
#,,Events,,,,,,,
event_chance_happen_two,5,chance each turn to happen 2 events,0,,,,,,
event_chance_happen_one,15,chance each turn to happen 1 events,30,15,,,,,
event_wealth_mult,0.025,multiplier for delta wealth in event's answer to convert to wealth multiplier (1+multiplier),0.01,,,,,,
event_attitude_mult,1,multiplier for delta relation in event's answer to convert to attitude add,10,,,,,,
#,,Battle Generation,,,,,,,
Max_Battles,5,Maximum optional battles per turn,3,,,,,,
campaign_battle_distance_min,0.3,Campaign Battle distance modifier in 1890,,,,,,,
campaign_battle_distance_max,2,Campaign Battle distance modifier in 1940,,,,,,,
battle_chance,1000,chance every turn for battle with enemy player,80,,,,,,
key_battle_chance,100,chance for triggering a key battle each turn,50,,,,,,
rebattle_chance,30,"if player refused first battle, chance for second (UNIMPLEMENTED)",30,,,,,,
battle_avoid_threshold,1,threshold of relative ships' power for ai to avoid world combat (keep higher than general_retreat_threshold),0.4,,,,,,
crew_damage_min,0.24,min auto-resolve modifier for crew losses,,,,,,,
crew_damage_max,0.8,max auto-resolve modifier for crew losses,,,,,,,
power_estimation_cost_exp_ai,0.25,"...same, but used for ai during battle",0.4,,,,,,
power_estimation_cost_exp,0.33,power of exponent applied to cost to estimate generic power of ship,0.2,Autoresolve +10% cost (Should address a report of players),,,,,
power_armor_exp,0.85,autoresolve power factor for armor,0.45,,,,,,
power_speed_exp,0.375,autoresolve power factor for speed,0.6,,,,,,
power_firepower_exp,0.66,autoresolve power factor for firepower,0.68,,,,,,
power_ammo_exp,0.15,autoresolve power factor for ammo,0.1,,,,,,
power_crew_exp,0.15,autoresolve power factor for crew,0.1,,,,,,
blockade_income_modifier,0.45,how much % of GDP is lessened due to blockade,,,,,,,
blockader_vp_per_turn,350,how much VP is gained per turn for the blockader,,,,,,,
blockader_prestige_per_turn,-3,how much Naval Prestige is lost per turn for the blockaded,,,,,,,
blockader_unrest_per_turn,3,how much Unrest is increased per turn for the blockaded,,,,,,,
power_projection_modifier,0.00001,power projection modifier,,,,,,,
power_shiptype_factor,1.5,influence of ship type to power projection (exponent),,,,,,,
power_displacement_factor,1,influence of ship displacement to power projection (exponent),,,,,,,
power_range_factor,0.5,influence of ship range to power projection (exponent),,,,,,,
power_speed_factor,0.85,influence of ship speed to power projection (exponent),,,,,,,
power_firepower_factor,0.4,influence of ship speed to power projection (exponent),,,,,,,
power_projection_limited,0.5,"modifier of power projection for ships at ""Limited Mode""",,,,,,,
power_projection_defend,0.66,"modifier of power projection for ships at ""Defend Mode""",,,,,,,
power_projection_at_sea,2,modifier of power projection for ships at sea,,,,,,,
escort_power_in_being,0.9,,,,,,,,
escort_power_protect,1.75,,,,,,,,
escort_power_invade,0.5,,,,,,,,
escort_power_sea_control,1,,,,,,,,
raiding_power_in_being,0.5,,,,,,,,
raiding_power_protect,0.75,,,,,,,,
raiding_power_invade,1.75,,,,,,,,
raiding_power_sea_control,1,,,,,,,,
battle_tonnage_mod,1.2,tonnage affecting battle chance (exponent),0.2,,,,,,
battle_ships_mod,0.44,number of ships affecting battle chance (exponent),0.1,,,,,,
attack_tonnage_mod,0.75,tonnage affecting attacker/defender (exponent),1,,,,,,
attack_ships_mod,0.65,number of ships affecting attacker/defender (exponent),1,,,,,,
tonnage_diff_threshold,10,"if one side have ratio of tonnage to other's tonnage above this value, try to omit some ships from battle",10,,,,,,
tonnage_diff_threshold_port_missions,7,"if one side have ratio of tonnage to other's tonnage above this value, try to omit some ships from battle",3,,,,,,
avoid_battle_vp,100,vp pentalty for avoiding battle,-100,,,,,,
port_capacity_penalty_threshold,2,threshold of Max. Port Capacity penalty,,,,,,,
port_capacity_penalty,0.5,Max. penalty of ship maintainance when Port Capacity becomes full over a threshold,,,,,,,
vp_to_funds_multiplier,7500,conversion of VP difference to money for the war winner,,,,,,,
avoid_per_tr_vp,75,vp penalty additionally per each defended merchant,-25,,,,,,
vp_min_multiplier,0.1,vp multiplier at max. campaign year (as compensation factor for the increased ship costs),,,,,,,
cost_to_vp,0.00085,ship's cost to vp conversion ratio,0.001,0.00115,,,,,
total_fleet_modifier_max_divisor,0.25,"The smaller, the larger impact will have a loss for a fleet according to total fleet",,,,,,,
total_fleet_vp_factor,0.1,"exponential factor increasing the VP influence according to Total fleet of opponent, if we want linear effect, we set it to 1. Smaller values increase the VP.",,,,,,,
peace_min_vp_difference,10000,minimum VP difference from enemy to trigger Peace Negotiations Event,15000,,,,,,
peace_enemy_vp_ratio ,1.5,minimum VP ratio of Winner for Peace Negotiations Event,,,,,,,
peace_vp_sum_prolonged_war,45000,minimum VP sum (Player+Enemy) to check for peace negotiations,,,,,,,
peace_treaty_chance_per_month,20,base chance to have peace after peace event,,,,,,,
player_decision_chance_agree,31,chance addition when player agrees for Peace,31,,,,,,
player_decision_chance_fight,-15,chance subtraction when player disagrees for Peace,-10,,,,,,
take_preparation_chance,0.75,chance that our proposal for war reparations is accepted,,,,,,,
peace_event_cooldown_turns_rnd_max,5,max. turns to trigger new peace negotiations after previous event,,,,,,,
tr_capacity_bonus,0.25,bonus to GDP for max. TR capacity,,,,,,,
ai_min_tr_capacity_expenses,7,ratio of expenses to Monthly Naval Funds to reduce TR Capacity to min. setting,,,,,,,
ai_max_tr_capacity_expenses,0.1,ratio of expenses to Monthly Naval Funds to increase TR Capacity to max. setting,,,,,,,
ai_shipyard_threshold_cost,0.25,ratio of expenses to Monthly Naval Funds to stop Shipyard development,,,,,,,
ai_min_crew_training_expenses,7,ratio of expenses to Monthly Naval Funds to reduce Crew Training to min. setting,,,,,,,
ai_max_crew_training_expenses,0.025,ratio of expenses to Monthly Naval Funds to increase Crew Training to max. setting,,,,,,,
ai_difficulty_normal_income_multiplier,1,modifier of AI GDP in Normal Difficulty Mode,,,,,,,
ai_difficulty_hard_income_multiplier,1.25,modifier of AI GDP in Hard Difficulty Mode,,,,,,,
ai_difficulty_legendary_income_multiplier,1.5,modifier of AI GDP in Legendary Difficulty Mode,,,,,,,
ai_difficulty_hard_tech_multiplier,1.2,modifier of AI tech n Hard Difficulty Mode,,,,,,,
ai_difficulty_legendary_tech_multiplier,1.3,modifier of AI tech in Legendary Difficulty Mode,,,,,,,
ai_opponent_replacement_money,5,how much money bonus is applied when a new AI Opponent replacement arrives.,,,,,,,
tr_capacity_cost,0.0015,percentage of GDP as max. cost of TR capacity,,,,,,,
tr_loss_income_modifier,0.0000012,proportion of nation income for 1x loss of TR,0.0000001,,,,,,
tr_loss_gdp_modifier,0.00000045,proportion of nation gdp for 1x loss of TR,,,,,,,
transport_capacity_factor,15,linear factor affecting how much % of transport capacity is growing per turn,,,,,,,
trLossesDissipateStep,0.05,step to reduce tr losses per turn,,,,,,,
tr_loss_factor,25,linear factor that affects how much transport capacity % is lost for every TR loss,,,,,,,
tr_combat_vp_modifier,75,"modifier for vp on TR that are lost in combat (without it, the VP is too small)",,,,,,,
tr_combat_vp_modifier_actual,0.1,"modifier for vp on TR that are lost in combat (without it, the VP is too small)",,,,,,,
naval_prestige_vs_unrest_threshold,0,"if naval prestige >= to this value, then no game over after revolution",,,,,,,
goverment_changed_naval_funds_penalty,0.5,penalty of state budget after revolution,,,,,,,
goverment_changed_penalty_decrease_per_turn,0.05,dissipation per turn of revolution penalty,,,,,,,
tr_loss_event_chance,100,chance of tr loss,,,,,,,
base_tr_loss,0.000066,linear factor that increases/decreases random TR losses per turn,,,,,,,
tr_loss_development,175000,modifier of TR losses depending on sum of Province development,,,,,,,
not_sunk_vp_mult,0.05,"if ship is not sunk (just damage), apply this mult to vp calculation",0.5,,,,,,
war_weariness_reputation,0,decrease of reputation each turn during war (TODO: make initial boost from respect and goverment type),0,,,,,,
war_weariness_respect,0,decrease of respect each turn during war,-2.5,,,,,,
vp_to_reputation,0.00225,"how vp from battle affects prestige, multiplier",0.002,,,,,,
vp_to_respect,0.00075,"how vp from battle affects unrest, multiplier",0.002,,,,,,
war_min_duration,5,minimal amount of turns for war before any peace,5,,,,,,
reputation_respect_to_peace,0.01,convertion mult from poor reputation/respect to peace chance,0.2,,,,,,
vp_to_peace,0.0001,convertion mult from poor relative vp to peace chance,0.002,,,,,,
music_draw_vp_threshold,2500,threshold of vp during to consider music playing for draw or win/lose,300,,,,,,
operational_range_multiplier,4,Ships will need to travel distance >=operational_range_multiplier * Operational Range,4,,,,,,
Withdraw_Speed_Factor,100,Power factor increasing the chance of Withdraw according to average speed of ships,3,,,,,,
Delay_Speed_Factor,100,Power factor increasing the chance of Delay according to average speed of ships ,3,,,,,,
port_damage_factor,0.1,How much damage is dealt in successful Port Strike missiions modifier,,,,,,,
port_damage_max_threshold,0.25,Max % of Port Damage in Port Strike mission,,,,,,,
initial_tr_transport_armed,0.1,Base Modifier for Armed Transports in Fleet,,,,,,,
#,,"Constructor, Autobuilder",,,,,,,
gun_gen_caliber_max,10,autobuilder's caliber influence on gun's choice,0.7,0.49,15,16,,,
gun_gen_caliber_min,1,autobuilder's caliber influence on gun's choice,0.7,0.49,15,16,,,
gun_gen_barrels_max,10,autobuilder's barrels amount influence on gun's choice,2.5,1.75,16,14,,,
gun_gen_barrels_min,1,autobuilder's barrels amount influence on gun's choice,1.5,1.05,16,14,,,
gun_gen_randomness,0.1,autobuilder's randomization to place not-best-guns,2,1.4,0.0015,1.3,,,
gun_gen_barrels_sec_max,10,autobuilder's barrels amount influence on gun's choice,-12,-8.4,16,14,,,
gun_gen_barrels_sec_min,1,autobuilder's barrels amount influence on gun's choice,-12,-8.4,16,14,,,
gun_gen_smallgunbarrels_max,1,autobuilder's caliber influence on gun's choice,-1,-0.7,15,16,,,
gun_gen_smallgunbarrels_min,0.1,autobuilder's caliber influence on gun's choice,-2,-1.4,15,16,,,
torpedo_gen_randomness,5,autobuilder's caliber influence on gun's choice,1.2 [1~2],0.125,1,2.2,,,
gun_expand_same_cal,0.25,gun's obstruction on the sides to same caliber guns,0.29,0.135,0.078335,0.43,,,
gun_expand_lower_cal,2,>= 4 inch gun's obstruction on the sides to lower caliber guns/torps,2.525,6.22,3.4,3.4,,,
gun_expand_lowest_cal,8,< 4 inch gun's obstruction on the sides to lower caliber guns/torps,5.5651,,,,,,
gun_expand_barbette,1.5,"gun obstruction on the sides of barbettes, disallowing shooting interference",,,,,,,
torpedo_expand,0.5,torpedo's obstruction on the sides,-0.2,0.515,0.41,1.1,,,
length_expand,0.0012,length expansion,-0.055,0.0033,0.0000575,0.06,0.064079,,
length_expand_lowcal,0.041,expanding Z collider for lower caliber guns,0.0505,,,,,,
tonnage_not_maximal_ratio,1,how much close to maximal tonnage will be randomly set,0.8 [0.6~1],0.63,0.39,0.39,,,
gun_minimal_shooting_sector,40,minimal area shooting sector for right mount choices (ai design),42.5,33,,,,,
snap_point_step,0.01375,,0.044,,,,,,
snap_point_max_try,5000,,,,,,,,
refit_configurable_z_gun,30,Configurable Z length for Main Guns.,,,,,,,
refit_configurable_z_barbettes,50,Configurable Z length for Barbettes.,,,,,,,
refit_configurable_z_funnel,35,Configurable Z length for Funnels.,,,,,,,
refit_configurable_z_tower,30,ratio,,,,,,,
section_multiplier_hitpoints_weight_min,5,LERP the sections hitpoints with a modifier closest to borders,,,,,,,
section_multiplier_hitpoints_weight_max,14,LERP the sections hitpoints with a modifier closest to center,,,,,,,
#,,Battle Actual,,,,,,,
battle_duration,5400,"duration of battle, in seconds",5400,,,,,,
battle_distance_mod,1.5,global modifier for engagement starting distance (to enemy),1,,,,,,
battle_spread_mod,1.5,global modifier for engagement starting spread (between divisions),1,,,,,,
distance_step,500,step in m for starting distance,500,1500,,,,,
spread_step,100,step in m for friendly divisions spread,100,850,,,,,
speed_modifiers_total,7,total amount of speed modifiers below,6,,,,,,
speed_threshold_1,0.01,"if speed of ship is above this (knots), every excessing value will be multiplied...",0.01,speed input,23,0.01,,,
speed_mult_1,1.18,...multiplied by this modifier,1.35,,,1.02,,,
speed_threshold_2,6,see above,12,after speed modified-1,27.1,11,,,
speed_mult_2,1.12,see above,1.1,,,1.03,,,
speed_threshold_3,12,see above,21,after speed modified-2,29.6,21,,,
speed_mult_3,1.15,see above,1.03,,,1.04,,,
speed_threshold_4,18,see above,21,after speed modified-2,32.2,21,,,
speed_mult_4,1.2,see above,1.03,,,1.04,,,
speed_threshold_5,21,see above,26,after speed modified-3,35,1.0575,,,
speed_mult_5,1.25,see above,1.04,,,,,,
speed_threshold_6,23,see above,30,after speed modified-4,38.5,,,,
speed_mult_6,1.3,see above,1.05,,,,,,
speed_threshold_7,28,see above,33,after speed modified-5,43.1,,,,
speed_mult_7,1.325,see above,1.06,,,,,,
speed_threshold_8,33,see above,33,after speed modified-5,48,,,,
speed_mult_8,1.35,see above,1.06,,,,,,
speed_torpedo_mod,1,additional speed multipier for torpedo (after ship's modifiers),1,after speed modified-6,53.2,,,,
speed_shell_mod,1,"divisor on shell's flight time, affecting its speed and trajectory",1.39,1.7,,,,,
air_drag_coef,8.65,"modifier shaping up the shell ballistics, the bigger, the less speed dumping ",2.175,2.8,,,,,
shell_kinetic_energy_mod,5.319,modifier for adjusting the landing speed of shells (allows curvy trajectories and shells do not land as feathers),,,,,,,
gun_range_mod,1,multiplier to convert real world gun range into game gun range (usually something like 0.2-1),1,,,,,,
reload_speed_mod,1,gun's reload speed multiplier,1,,,,,,
torpedo_ammo,2,amount of torpedo launches per barrels,3,,,,,,
torpedo_reload,450,torpedo reload time in seconds,120,torpedo - range to target (m):,8000,,,,
torpedo_inaccuracy,0.025,inaccuracy ratio as ratio of path which can be offsetted randomly,0.01,torpedo inaccuracy will be: (+/- m),40,,,,
torpedo_detection_base,700,base detection range of torpedoes (meters),1000,,,,,,
rotation_speed_gun_2,5.5,"rotation speed for 2"" gun (deg/sec)",32.7,10,,,,,
rotation_speed_gun_18,1.65,"rotation speed for 18"" gun (deg/sec)",109,1,,,,,
rotation_speed_torpedo,9,rotation speed for all torpedo launcher (deg/sec),20,9,,,,,
surface_deck_to_side_ratio,2,ratio between deck surface to one side surface,2,,,,,,
long_range_start,5500,"start range, where long-range starts to apply",10000,-1500,,,,,
long_range_end,40000,"end range, where and above long-range have full effect",20000,48000,,,,,
shell_max_distance_dispersion,1500,,,,,,,,
max_shell_dispersion,65,,,,,,,,
reduce_disp_same_gun_min,0.0000001,reduced dispersion for the same turret,,,,,,,
reduce_disp_same_gun_max,0.00000007,reduced dispersion for the same turret,,,,,,,
splash_disp_range_far,49000,reference range for long-range dispersion of splashes,10000,49000,,,,,
splash_disp_close,2,"dispersion of splashes at zero range (range, in m)",30,161,150,,,,
splash_disp_far,575,"dispersion of splashes at long range range (range, in m)",150,1600,660,,,,
splash_disp_normal_worst,0.5,dispersion horizontal increase (multiplier) for normal shooting,1.5 (1~2.5),1.8,1.26,,,,
splash_disp_aiming_worst,0.35,dispersion horizontal increase (multiplier) for beginning of aiming (will scale to normal when aiming ends),10 (2~12),0.9,0.63,,,,
splash_overhead_range_far,2000,far range for below values,3000,4450,,,,,
splash_overhead_close,10,dispersion horizontal increase (multiplier) if miss overhead (behind) of enemy (minimal range),3,4.8,6.24,,,,
splash_overhead_far,3.75,dispersion horizontal increase (multiplier) if miss overhead (behind) of enemy (far range),1,1.45,1.885,,,,
ammo_normal_gun_acc_threshold,0.11,normal-ammo accuracy threshold to start/stop firing guns (less will fire more agressively),1.5,0.3,,,,,
ammo_save_gun_acc_threshold,3.75,save-ammo accuracy threshold to start/stop firing guns (less will fire more agressively),3,10,,,,,
ammo_normal_torp_acc_threshold,0.15,normal-ammo accuracy threshold to start/stop firing torpedoes (less will fire more agressively),5,0.2,,,,,
ammo_save_torp_acc_threshold,5,save-ammo accuracy threshold to start/stop firing torpedoes (less will fire more agressively),10,5,,,,,
ammo_gun_always_shoot_range,5750,closer than this range will always shoot guns for normal/save ammo (meters),1000,2750,,,,,
ammo_torp_always_shoot_range,3000,closer than this range will always shoot torpedoes for normal/save ammo (meters),800,1000,,,,,
engine_vibrations_base,0.2,engine vibrations accuracy penalty,,,,,,,
engine_vibrations_dissipating_speed,0.5,engine vibrations dissipating speed: Refactored,,,,,,,
multi_targeting_self_base,0.275,multi targeting self base,,,,,,,
multi_targeting_other_base,0.325,multi targeting other base,,,,,,,
gun_recoil_factor,1,gun recoil factor: Refactored,,,,,,,
gun_recoil_maxfactor,0.5,gun recoil maxfactor: Refactored,,,,,,,
gun_recoil_dissipating_speed,0.15,gun recoil dissipating speed: Refactored,,0.000011,,,,,
#,,Weather,,,,,,,
wind_height,2000,sound of wind playing height,2000,,,,,,
motion_min_start,0.1,above this waves power the motion start to raise (0~12),1 [0~12],,,,,,
motion_min,0.05,ship's motion at minimal (above) waves ,0.5 [0.1~1],,,,,,
motion_max,2,ship's motion at maximal (12) waves ,3 [1~3],,,,,,
weather_to_wind_from,-1.5,from-to random offset for weather-to-wind convertion,-1.5 [-3~0],,,,,,
weather_to_wind_to,1.5,from-to random offset for weather-to-wind convertion,2.5 [0~3],,,,,,
wind_to_waves_from,-1,from-to random offset for wind-to-waves convertion,-1.5 [-3~0],,,,,,
wind_to_waves_to,1,from-to random offset for wind-to-waves convertion,1.5 [0~3],,,,,,
#,,Aiming,,,,,,,
danger_low_threshold,1.00E-37,minimal threshold to promote shooting not-dangerous targets NOT USED,0.1,,,,,,
new_aim_threshold,5.00E-36,relative threshold to change to better target NOT USED,0.5,,,,,,
max_targeting_confidence,0.15,"crew factor which improves aiming (bigger is better, max=1)",,,,,,,
targeting_confidence_smoothen,0.01,smoothening the targeting delta per salvo with this factor (bigger value makes the targeting progress to grow faster),,,,,,,
#,,Accuracy,,,,,,,
obscured_visibility_penalty,0.5,penalty when ship is not directly visible but become spotted when it fires,,,,,,,
reveal_position,5,chance to become revelead after a shot if the ship is out of spotting range,,,,,,,
behind_smoke_detection,0.6,penalty of detection when behind smoke,,,,,,,
accuracy_aim_lowest,0.1,penalty on aiming if starting ladder aiming,0.2,0.5,,,,,
target_locked_base,1.95,target locked additional accuracy (power base) (https://www.desmos.com/calculator/qftyff3m9m),1,1,1,,,,
target_locked_exp,1.675,target locked additional accuracy (exponent),0.05,0.5,0.425,,,,
aim_close_dist_begin,0.05,"range, where close range aim boost will be maximal (ratio of gun's max range)",0,0,,,,,
aim_close_dist_end,1,"range, where close range aim boost will be lerped to one (ratio of gun's max range)",0.15,0.95,,,,,
aim_close_modifier,10,aim boost at point-blank range (multiplier),3,4.3,6.5,,,,
aim_far_modifier,5,aim penalty at farest range (multiplier),0.3,0.3,,,,,
aim_far_dist_begin,0,"range, where far range aim penalty will be lerped to one (ratio of gun's max range)",0.5,0.951,,,,,
aim_far_dist_end,1,"range, where far range aim penalty will be maximal (ratio of gun's max range)",1,1,,,,,
aim_bearing_change_threshold,0.00001,start threshold to apply bearing change effect (degrees),15,0.0001,,,,,
aim_bearing_change_convert,750,"if relative bearing has changed by this degrees (in power), penalty from rel bearing change will be maximal (degrees)",90,1,10,,,,
aim_bearing_penalty_max,1.00E+03,highest multiplier to apply if relative bearing changed (multiplier),0.2,0.001,0.0001,,,,
aim_range_change_threshold,0.00001,start threshold to apply range change effect (meters),50,0.0001,0.0001,,,,
aim_range_change_convert,500,"if range has changed by this meters (in power), penalty from range change will be maximal (meters)",200,100,1000,,,,
aim_range_penalty_max,1.00E+03,highest multiplier to apply if range changed (multiplier),0.5,0.0001,0.0001,,,,
aim_convertion_lock,9.00E+06,modifier that affects increase of aim progress when hitting ship,9.27E+06,,,,,,
aim_convertion_lock_to_unlocked,1.55E+04,modifier that affects increase of aim progress when firing salvoes,1.63E+04,26500000,1.085,,,,
aim_decrease_base,5.00E+00,factor that affects aim decrease,5.20E+00,,,,,,
aim_decrease_factor,2.50E+01,additional factor that increases aim decrease sensitivity according to current aim,2.30E+01,,,,,,
acc_mod_vs_tiny_ship,0.17,change-to-hit modifier vs smallest possible ship NO LONGER USED,0.5,0.065,,,,,
acc_mod_vs_huge_ship,5.5,change-to-hit modifier vs very big ship NO LONGER USED,1.5,,,,,,
acc_speed_self_away,0.4,"between 0 or max speed and cruise speed, ratio of lerp slope start",0.5,,,,,,
acc_speed_self_close,0.9,...of lerp slope stop,0.9,,,,,,
acc_speed_self_mod,0.375,cruise speed accuracy bonus,0.25,,,,,,
acc_speed_target_fast_from,11,"fast target speed accuracy pentalty, speed of lerp slope start",15,,,,,,
acc_speed_target_fast_to,20,...speed of lerp slope end,35,20.125,,,,,
acc_speed_target_fast_mod,-0.8,fast target max accuracy penalty,-0.3,,,,,,
acc_speed_target_slow_from,0,"slow target speed accuracy boost, speed of lerp slope start",0,,,,,,
acc_speed_target_slow_to,10,...speed of lerp slope end,10,,,,,,
acc_speed_target_slow_mod,0.3,slow target max accuracy bonus,0.3,,,,,,
acc_turning_maxspeed,37,reference max. speed to evaluate maneuverability penalties,,,,,,,
acc_turning_self,-0.5,accuracy modifier due to self turning,-0.15,,,,,,
acc_turning_target,-0.25,accuracy modifier due to target turning,-0.15,,,,,,
barrel_sound_delay_ratio,0.2,multi-barrel gun' shooting sound: offset as ratio of shoot-delay,0.25 (0.05~0.33),0.2765,,,,,
smoke_obstruction,0.3,"accuracy malus, if shooting at target, obstructed by our own funnel's smoke",0.8,,,,,,
smoke_obstruction_enemy,0.3,accuracy penalty if shooting from funnel smoke from other ship in battle,,,,,,,
smoke_accuracy_incoming,-25,accuracy penalty if shooting at target in smoke,-30,,,,,,
smoke_accuracy_outgoing,-10,accuracy penalty if shooting from smoke,-5,,,,,,
smoke_duration,200,duration of smoke (sec),300,,,,,,
smoke_cooldown,400,cooldown of smoke ability (sec),300,,,,,,
smoke_range,700,distance from smoke start to protect ships,1500,,,,,,
near_flagman_range,1000,closer than this range to receive flagship bonus,1000,,,,,,
near_flagman_acc,0.05,accuracy bonus if near flagship,1.1,,,,,,
far_flagman_range,1750,further than this range to receive flagship penalty,10000,,,,,,
far_flagman_acc,-0.1,accuracy bonus if far from flagship,0.9,,,,,,
#,,Damage,,,,,,,
part_basic_size,0.45,fixed old issue: it is now a strict multiplier of part size for calculating dmg,10 [5~15],10.5,,,,,
main_gun_ricochet_chance,70,chance to richochet from main guns' turret,30,,,,,,
penetration_randomness,0.05,small randomness of penetration (ratio),0.1 [0~0.15],,,,,,
penetration_skewing,9,"right skewing of penetration randomness, additional multiplier (0-9)",0,0~9,,,,,
armor_damage_threshold,0.3,penetration threshold over armor to damage armor (ratio),0.8,0.4,,,,,
armor_damage,0.3,damage multiplier due to partial penetration,0.33,,,,,,
ap_base_ratio,0.6,The default AP/HE ratio for ship's shell rounds,,,,,,,
ap_base_weight_modifier,1.25,Modifier for AP weight,,,,,,,
he_base_weight_modifier,0.9,Modifier for HE weight,,,,,,,
over_penetration_threshold,3,penetration threshold over armor to over-penetration (ratio),10,,,,,,
over_penetration_min_armor,12.7,minimal amount of armor always present to track over-penetration (mm),25,,,,,,
over_penetration,0.15,damage multiplier due to over-penetration,0.33,,,,,,
penetration_1st_layer_reduction,0.6,Base Reduction of  penetration power after penetrating main belt/deck,,,,,,,
penetration_2nd_layer_reduction,0.3,Base Reduction of  penetration power after penetrating main belt/deck & 1st layer,,,,,,,
penetration_3rd_layer_reduction,0.125,Base Reduction of  penetration power after penetrating main belt/deck & 1st layer & 2nd layer,,,,,,,
penetration_turret_reduction,0.8,Base Reduction of  penetration power after penetrating side/top armor of turret,,,,,,,
barbette_armor_modifier,1.2,modifier to simulate the dissipation of shell/torpedo penetration after first hit,,,,,,,
barbette_extra_damage,2.5,Damage multiplier when penetrating barbettes,,,,,,,
he_use_threshold_low_anglemodifier,1.9,modifier for increasing the chance to switch to HE according to target angle,1.2,,,,,,
he_use_threshold_low,0.8,threshold of low penetration relative to belt to switch to high explosive shells,0.5,,,,,,
he_use_threshold_high,3.1,threshold of high penetration relative to belt to switch to high explosive shells,10,,,,,,
he_penetration_mod,0.2,penetration modifier from using he shells,0.2,,,,,,
ap_damage_mod,1,multipler for damage from armor piercing shells (guns),3,,,,,,
he_damage_mod,1.7,multipler for damage from high explosives shells (guns),3,,,,,,
no_ricochet_threshold,1.5,"n-penetration rule: if armor is too thin (n-times smaller than penetration), never ricochet",10,,,,,,
ricochet_angle_from,30,angle above this to side can produce ricochet (except he shells),45,,,,,,
ricochet_angle_to,40,angle above this will give maximal ricochet chance,60,,,,,,
ricochet_chance,55,"if ricochet is possible due to angle, chance if its happening",70,,,,,,
flash_fire_armor_mod,0.5,multipier to increase armor to trigger flash fire,1 [1~2],,,,,,
ammo_detonation_armor_mod,0.1,multipier to increase armor for ammo storage from turret's armor,1.1 [1~2],,,,,,
ammo_detonation_torp_dam_to_pen,1.75,"convertion of torpedo damage to penetration (multiplier), for ammo detonation",1,,,,,,
ammo_detonation_chance,155,ammo detonation chance (if penetrated),20,33,,,,,
ammo_detonation_chance_torp,55,ammo detonation chance for torpedo hits (if penetrated),35,,,,,,
torpedo_detonation_chance_mod,100,torpedo launcher detonation chance if destroyed,50,,,,,,
ammo_detonation_big_cal,24,below this inch caliber size ammo storage is much more smaller,12,10,,,,,
flashfire_big_cal,24,below this inch flash fire chance is much smaller,12,,,,,,
ammo_detonation_maxdamage,20000,damage that totally depletes the exploded ammo,,,,,,,
section_damage_ammo_detonation,1950,basic damage to section if ammo storage detonated,1000,,,,,,
torpedo_damage_ammo_detonation,800,base damage caused by torpedo launcher detonation,,,,,,,
torpedo_detonation_maxdamage,1500,damage that totally depletes the exploded torpedo ammo,,,,,,,
surv_ammo_detonation_dam_decrease,40,percent ammo detonation damage decrease (from max survivability),65,,,,,,
section_fire_chance_ammo_detonation,2000,chance for fire if ammo storage detonated,200,,,,,,
section_flooding_chance_ammo_detonation,2000,chance for flooding if ammo storage detonated,100,,,,,,
module_damage_chance_ammo_detonation,160,chance for module damage if ammo storage detonated,80,,,,,,
flash_fire_chance,130,"chance to ""start"" flash fire if can ammo detonate (but not detonated) (not explode yet)",20,70,,,,,
flash_fire_time,9,delay before flash fire explosion,30,30,,,,,
flash_fire_time_spread,7,"same, but for flash fires started from spreading",10,,,,,,
flash_fire_explosion_chance,110,chance for happening flash fire to explode,50,50,,,,,
section_damage_flash_fire,4000,basic damage from flash fire,1000,,,,,,
flash_fire_spread_chance_explode,150,chance for flash fire to spread if exploded,80,,,,,,
flash_fire_spread_chance_nonexplode,85,chance for flash fire to spread if not exploded,25,,,,,,
damage_randomness,0.99,small randomness of damage (ratio) (for guns),0.2,,0.75,,,,
damage_skewing,9,"right skewing of damage randomness, additional multiplier (0-9)",0,0~9,5,,,,
damage_randomness_torpedo,0.375,small randomness of damage (ratio) (for torpedoes),0.2,,0.3,,,,
damage_skewing_torpedo,4.5,"right skewing of torpedo damage randomness, additional multiplier (0-9)",0,0~9,4,,,,
section_damage_gun,1005,base damage to section (from gun),15,149,,,,,
section_fire_chance_gun,8,basic chance of fire in section (from gun),10,,,,,,
section_fire_chance_gun_deck,12.5,"same, but special chance of fire if hit deck sections",10,,,,,,
section_flooding_chance_gun,0.25,basic chance of flooding in section (from gun),20,,,,,,
module_damage_chance_gun,50,basic chance of damage to module (if present) to module (from gun),20,,,,,,
section_damage_torpedo,1010,base damage to section (from torpedo),70,275,,,,,
torpedo_dud_base_chance,55,base chance for not exploding torpedoes,60,,,,,,
torpedo_premature_explosion_chance_mod,0.07,modifier to dud torpedo chance that can trigger premature explosion of the torpedo,,,,,,,
torpedo_deviation_chance_mod,0.4,modifier to dud torpedo chance that can trigger deviation of path for the torpedo,,,,,,,
section_fire_chance_torpedo,15,basic chance of fire in section (from torpedo),15,,,,,,
section_flooding_chance_torpedo,10,basic chance of flooding in section (from torpedo),80,,,,,,
module_damage_chance_torpedo,75,basic chance of damage to module (if present) to module (from torpedo),50,,,,,,
flooding_mod_chance_from_damage,1000,"multiplier to chance of flooding, if section is fully damaged (linearly scaled)",3,610,,,,,
destroyed_section_damage_penalty,0.2,,,,,,,,
damage_section_spread_mod,0.6,multiplier for damage spreading to other sections,0.6,,,,,,
engine_hp_to_fcap,0.001,convertion of engine's hp power to fcap requirement (multiplier),0.001,,,,,,
engine_slowdown,90,max slowdown of ship due to engine damage (percent),90,,,,,,
structure_slowdown,40,max slowdown of ship due to structure damage (percent),50,,,,,,
flooding_slowdown,80,max slowdown of ship due to flooding (percent),80,,,,,,
surv_flooding_slowdown_decrease,55,survivability effect of decrease of flooding slowdown (percent) (from max survivability),40,,,,,,
slowdown_max_single,95,limit for slowdown from any single factor (percent),95,,,,,,
slowdown_max_all,99,limit for slowdown combined all-together (percent),99,,,,,,
damage_fire_control_to_pen_conversion,0.2,modifer of damage dealt to main tower to convert it to armor check vs A.Superstructure,,,,,,,
damage_con_tower_to_pen_conversion,1,modifer of damage dealt to main tower to convert it to armor check vs A.ConningTower,,,,,,,
hit_chance_conning_tower,50,chance to hit conning tower if main tower is hit,20,,,,,,
hit_chance_fire_control,50,chance to hit fire control if main tower is hit,20,,,,,,
conning_tower_damage_acc_loss,0.85,loss of accuracy due to damaged conning tower,0.5,,,,,,
fire_control_damage_acc_loss,0.7,loss of accuracy due to damaged fire control,0.35,,,,,,
fire_damage,0.5,base fire damage percent per second (to structure),0.5,,,,,,
fire_damage_part,0.1,base fire damage percent per second (to part),,,,,,,
surv_fire_decrease,65,percent decrease of fire damage due to fire (from max survivability),65,,,,,,
flooding_water,2.15,base flooding water percent increase per second (to water level),1,2.5,,,,,
pump_water,0.4,remove water by pumps from non-destroyed sections,0.2,,,,,,
surv_flooding_decrease,55,percent decrease of water from flooding (from max survivability),80,,,,,,
surv_pump_increase,50,percent of pumping increase (from max survivability),100,,,,,,
fire_stop_chance,35,basic chance to stop fire (every 10 seconds),10,,,,,,
flooding_stop_chance,10,basic chance to stop flooding (every 10 seconds),5,,,,,,
surv_flooding_stop,10,percent additional increase of flooding stop chance (from max survivability),10,,,,,,
water_stop_fire,80,threshold of water level (due to flooding) to stop any fire in section,80,,,,,,
fire_min_dur,45,minimal duration of fire (in seconds),15,,,,,,
flooding_min_dur,30,minimal duration of flooding (in seconds),15,,,,,,
water_spread_threshold,25,threshold of water level to start spreading into nearby sections (percent),80,,,,,,
water_spread_flood_mod,0.4,water spreading multiplier relative to normal flooding (affected by surv too),0.2,,,,,,
fire_spread_chance,20,"chance of fire to spread to one nearby section (percent chance, every 10 sec)",5,,,,,,
ap_fire_mod,0.8,fire chance multiplier for ap rounds penetrations,3,,,,,,
he_fire_mod,3.5,fire chance multiplier for he rounds penetrations,3,,,,,,
repair_module_chance,5,chance to repair module (every 10 seconds),5,,,,,,
structure_sink,100,percent to be sunk of structure damage sum relative to total structure,40,,,,,,
fire_sink,90,percent to be sunk of sections with fire relative to all sections' amount,80,,,,,,
flooding_sink,65,percent to be sunk of flooding levels sum relative to total floodable sections,65,,,,,,
#,,Constructor Weights,,,,,,,
w_armor_belt,0.02,weight multiplier (from tonnage): armor belt,0.01086,0.01011235955,,,,,
w_armor_belt_extended,0.022,weight multiplier (from tonnage): armor belt extended,0.01136,0.01217532468,,,,,
w_armor_deck,0.027,weight multiplier (from tonnage): armor deck,0.01921,0.02105263158,,,,,
w_armor_deck_extended,0.018,weight multiplier (from tonnage): armor deck extended,0.02404,0.02403846154,,,,,
w_conning_tower,0.015,weight multiplier (from tonnage): amount of weight per 1 inch of armor,6.3,30,,,,,
w_conning_tower_threshold,1,weight multiplier (from tonnage): max armor conning tower weight,,,,,,,
conning_tower_armor_percent,0.05,weight multiplier (from tonnage): amount of weight per 1 inch of armor (for calculation of Limit),,,,,,,
w_superstructure,0.08,weight multiplier (from tonnage): superstructure armor ,,,,,,,
w_antitorpedo,0.03,weight multiplier (from tonnage): anti-torpedo/anti-mine defense,0.05882,0.075,,,,,
w_op_range_min,7,operational range minimun (percent from tonnage),3,3.6,,,,,
w_op_range_max,14,operational range maximum (percent from tonnage),15,12.6,,,,,
w_survivability_min,2,survivability weight minimum (percent from tonnage),0,2.5,,,,,
w_survivability_max,8,survivability weight maximum (percent from tonnage),10,10,,,,,
w_turret_barrels_2,1.6,turret base weight: multipliers for 2 barrels,1.8,1.6,,,,,
w_turret_barrels_3,2.5,turret base weight: multipliers for 3 barrels,2.48,2.4,,,,,
w_turret_barrels_4,3.3,turret base weight: multipliers for 4 barrels,3.1,3.2,,,,,
w_turret_barrels_5,4,turret base weight: multipliers for 5 barrels,3.6,4.5,,,,,
w_turret_casemate_mod,0.5,turret base weight: casemate modifier,0.75,0.6,,,,,
w_armor_turret,0.022,turret side weight: percent of base turret weight,0.06,0.11,,,,,
w_armor_turret_top,0.01,turret top weight: percent of base turret weight,0.03,0.125,,,,,
w_armor_barbette_turret,0.03,turret barbette weight: percent of base turret weight,,,,,,,
w_armor_secondaries,0.125,secondary (others are main) turret weight: percent of base turret weight,0.06,0.33,,,,,
w_small_gun_armor_threshold,9,min caliber for big guns,9,,,,,,
w_small_gun_side_armor_weight_threshold,0.05,gun side armor for small guns,0.275,,,,,,
w_small_gun_top_armor_weight_threshold,0.024,gun top armor for small guns,0.1,,,,,,
w_casemate_gun_side_armor_weight_threshold,0.05,casemate gun side armor,0.33,,,,,,
w_casemate_gun_top_armor_weight_threshold,0.024,casemate gun top armor,0.11,,,,,,
armor_limit_multiplier_big_guns,8,limit multiplier for big-guns,1,,,,,,
armor_limit_multiplier_small_guns,5.5,limit multiplier for small guns,1,,,,,,
armor_limit_multiplier_casemates,6,limit multiplier for casemates,1,,,,,,
armor_limit_multiplier_barbette_guns,3,limit multiplier for barbette guns caliber >= 5 inch.,1,,,,,,
w_ammo_caliber_pre_add,6,ammo weight: caliber pre-add,2,2,,,,,
w_ammo_caliber_exp,3.3,ammo weight: caliber exponent,3,3,,,,,
w_ammo_caliber_mult,0.01,ammo weight: caliber post-mult,0.02,0.04,,,,,
w_citadel_length,0.00585,Multiply HullWeight with an additional modifier related with Citadel Length,0.00382,,,,,,
w_hull_weight_modifier,0.35,modifier of the hull weight,0.615,,,,,,
w_super_barbette,0.0035,increase weight of the barbette from armor A.Barbette,0.00115,,,,,,
w_armor_barbette_gun_caliber_threshold,5,A.Barbette only for guns >=5 inch.,,,,,,,
w_1st_deck,0.007,weight multiplier for 1st Inner Deck,,,,,,,
w_2nd_deck,0.006,weight multiplier for 2nd Inner Deck,,,,,,,
w_3rd_deck,0.005,weight multiplier for 3rd Inner Deck,,,,,,,
w_1st_belt,0.0035,weight multiplier for 1st Inner Belt,,,,,,,
w_2nd_belt,0.003,weight multiplier for 2nd Inner Belt,,,,,,,
w_3rd_belt,0.002,weight multiplier for 3rd Inner Belt ,,,,,,,
#,,Constructor Stability,,,,,,,
citadel_offset_modifier,41500,modifier of the weight offset produced by Citadel center,,,,,,,
engine_weight_coef_mod,0.000004,modifier for engine weight which affects weight offset of ship according to the position of engine rooms,,,,,,,
stability_z_threshold,0.000012,"threshold of instability start (forward), New: Changed to work as weight tolerance delta",150,0.001,0.01,0.5,,,
stability_x_threshold,0.000012,"threshold of instability start (side), New: Changed to work as weight tolerance delta",100,0.0025,0.25,0.2,,,
stability_z_convert,2700000,convertion of value above threshold to instability (forward),150,65,410,50,,,
stability_x_convert,79000,convertion of value above threshold to instability (side),100,65,200,80,,,
stability_range_power,1.2,range exponent for stability,1,3.55,1.32,3.3,,,
stability_zz_threshold,-1137.5,threshold of momentum instability start (forward),-9100,-1137.5,,,,,
stability_xx_threshold,-853.125,threshold of momentum instability start (side),-6825,-853.125,,,,,
stability_zz_convert,50,divisor of momentum instability (forward),240,43.2,,,,,
stability_xx_convert,50,divisor of momentum instability (side),325,58.5,,,,,
instability_damage_ratio,0.065,multiplier from damage-received value to instability-due-to-damage stat,1,0.065,,,,,
instability_damage_decrease,0.03,"decrease of battle instability due to damage received (percent, per second)",1,0.045,,,,,
acc_instab_flooding,-50,convertion of instability due to flooding to own inaccuracy,-30 (-10~-80),-50,,,,,
acc_instab_damage,-50,convertion of instability due to damage-received to own inaccuracy,-30 (-10~-80),-50,,,,,
#,,Missions,,,,,,,
close_win_distance,250,"distance to win ""close"" mission, to be closer-than to enemy flagman",100,,,,,,
battle_end_duration,8,time to fade-out if battle ends (seconds),5,,,,,,
#,,Effects,,,,,,,
explosion_visual_damage_threshold,0,minimal amount of damage to show hit visual effect (damage),0 [0~10],,,,,,
explosion_size_min,3,size of explosion effect on minimal 1 damage (scale),3 [1~5],,,,,,
explosion_size_max,30,size of explosion effect on maximal 1000 damage (scale),15 [5~40],,,,,,
ammo_size_max,25,custom size of ammo detonation effect on maximal damage (scale),30,,,,,,
sink_size,38,size of sink explosions,5,,,,,,
show_tooltip_timer,0.1,Delay before appearance ToolTip,,,,,,,
#,,Speed,,,,,,,
rotation_speed_mod,1.05,modifier for ship's rotation speed,0.3,,,,,,
rotation_speed_change,0.1,modifier for ship's rotation change speed,0.05,,,,,,
acceleration_mod,0.256595625,modifier for ship's acceleration,1,0.3720636563,,,,,
deceleration_mod,0.19284375,modifier for ship's deceleration,2,0.1639171875,,,,,
rotation_speed_for_accuracy,2.75,rotation speed for have max accuracy penalty due to turning (deg/sec),1,,,,,,
acceleration_top_start,0.85,start of applying of acceleration-top (ratio of max speed),0.7,,,,,,
acceleration_bottom_from,0.35,end of applying of acceleration-bottom (ratio of max speed),0.2,,,,,,
acceleration_bottom_mod,1.5,modifier for acceleration if speed is slow (under acceleration-bottom ratio) (mult),3,,,,,,
cruising_speed,0.55,"cruise speed, to achieve accuracy bonus (as ratio of max speed) plus achieve fuel efficiency",0.75,,,,,,
speed_initial,0.8,initial speed at start of battle (as ratio of max speed),0.5,,,,,,
reverse_speed_modifier,0.45,max reverse speed,0.4,,,,,,
#,,Ai Division,,,,,,,
division_ships_from,2,"starting min amount of ships in division (can be less, if not enough ships)",3,,,,,,
division_ships_to,3,starting max amount of ships in division,5,,,,,,
spread_close,0.85,distance between ships range modifier for close spread,0.8,,,,,,
spread_far,1.25,distance between ships range modifier for far spread,2,,,,,,
initial_follow,15,percent of division following flagman at start of battle,0,0,,,,,
initial_scout,25,percent of division scouting flagman at start of battle,15,25,,,,,
initial_screen,25,percent of division screening flagman at start of battle,0,0,,,,,
initial_line,15,chance to have division in line formation (not column as usual),30,30,,,,,
division_following_gap,300,range between ships in same division,100,,,,,,
scout_range,3000,range to ally for scout order,,,,,,,
screen_range,1000,range to ally for scout order,400,,,,,,
follow_range,750,range to ally for follow order,300,,,,,,
divisions_space,1000,Minimum distance between divisions on the same axis (refactored),,,,,,,
ai_independent_range_away,6000,range limit for ai's independent divisions,3000,,,,,,
scout_range_away,5000,limit of range for scouting fleet to go away from ally,,,,,,,
screen_range_away,2000,limit of range for screening fleet to go away from ally,1000,,,,,,
optimal_battle_range_mulitplier,0.5,multiplier for optimal AI battle range when in division (Refactored),1,,,,,,
max_battle_lines_spread,3000,,,,,,,,
min_battle_lines_spread,1500,,,,,,,,
division_attack_offset,1500,preferable offset forward of target to attempt an attack route. Can be also negative.,,,,,,,
#,,Ai Ship,,,,,,,
general_retreat_threshold,0.11,ratio of own fleet's power to enemy to start general fleet retreat (keep lower than battle_avoid_threshold),0.5,,,,,,
division_retreat_threshold,0.8,threshold to start division retreat for division's estimated damage (average median),0.3,,,,,,
torpedo_evade_range,1500,"torpedo spotting range for evasion, half of it is used for torpedo prediction",800,test: 2000 or lower,,,,,
approach_clamp,1,Lmit of direction/away approach angle for ship's far away. Must not be >1. The bigger the sharper turns to reach the desired distance.,0.5 [0.3~1],,,,,,
approach_clamp_torpedoes,1,Approach logic for ships armed with torpedoes. The bigger the sharper turns to reach the desired distance.,,,,,,,
approach_clamp_no_guns,1,"Same, but if too far to shoot guns. The bigger the sharper turns to reach the desired distance.",0.95 [0.3~1],0.17,,,,,
ai_aggressiveness_exp_factor,1,"The bigger the number, the more profound the effect of AI personality. Very big values can bring ships to min or max ranges often. This is a power factor, it must not be a high number or very small number.",,,,,,,
ai_power_exp_factor,0.25,Ai estimation of power modifier. Modifier that increases the evaluated power of AI. Needs caution for not overflow or values that can be negligible at long distance.,,,,,,,
ai_risk_exp_factor,0.4,The bigger the value the less confident becomes the AI to approach. Modifier that increases the evaluated power of human. Needs caution for not overflow or values that can be negligible at long distance.,,,,,,,
ai_distance_mod,0.3,Control the optimal engage distance of AI. A modifier which determines the overall desired distance of AI.,,,,,,,
#,,Extra division params,,,,,,,
enemyShipsCollideDistanceModifier,0.9,Evasion Distance Modifier against Enemy Ships,,,,,,,
friendlyShipsCollideDistanceModifier,0.7,Evasion Distance Modifier against Friendly Ships,,,,,,,
max_stop_distance,100,"The maximum distance between the ship and the destination point, which is considered that the ship has reached the destination point.",,,,,,,
ship_movement_enemy_nodes_threshold,3,,,,,,,,
#,,New gun caliber modifiers,,,,,,,
max_gun_caliber_mod,0.9,,,,,,,,
min_gun_length_mod,-20,,,,,,,,
max_gun_length_mod,20,,,,,,,,
gun_length_weight_min,-0.1,,,,,,,,
gun_length_weight_max,1.1,,,,,,,,
gun_length_firerate_min,0.1,,,,,,,,
gun_length_firerate_max,-0.175,,,,,,,,
gun_length_velocity_min,-0.115,,,,,,,,
gun_length_velocity_max,0.115,,,,,,,,
gun_length_range_min,-0.0135,,,,,,,,
gun_length_range_max,0.0135,,,,,,,,
gun_diameter_step,0.1,,,,,,,,
gun_length_step,1,,,,,,,,
gun_length_extra_cost_min,-0.25,,,,,,,,
gun_length_extra_cost_max,1.5,,,,,,,,
min_casemate_length_mod,-10,,,,,,,,
max_casemate_length_mod,10,,,,,,,,
min_gun_caliber_mod,-0.9,Only for 2 inch base shell,,,,,,,
2_inch_min_scale_modifier,0.83,,,,,,,,
gun_length_penetration_min,-0.05,,,,,,,,
gun_length_penetration_max,0.075,,,,,,,,
barrel_length_estimator,2.29,,,,,,,,
default_caliber_lerp_min,5,,,,,,,,
default_caliber_lerp_max,70,,,,,,,,
default_caliber_velocity_min,0.62,,,,,,,,
default_caliber_velocity_max,0.9,,,,,,,,
default_caliber_range_min,0.85,,,,,,,,
default_caliber_range_max,1.2,,,,,,,,
default_caliber_penetration_min,0.85,,,,,,,,
default_caliber_penetration_max,1.1,,,,,,,,
default_caliber_firerate_min,1.3,,,,,,,,
default_caliber_firerate_max,0.7,,,,,,,,
rotation_speed_gun_weight_min,1.25,,,,,,,,
rotation_speed_gun_weight_max,0.5,,,,,,,,
rotation_speed_torpedo_weight_min,1.35,,,,,,,,
rotation_speed_torpedo_weight_max,0.4,,,,,,,,
bigger_amount_of_barrels_per_turret,4,,,,,,,,
gun_length_penetration_ver_min,0.9,,,,,,,,
gun_length_penetration_ver_max,1.1,,,,,,,,
gun_length_penetration_horiz_min,3.25,,,,,,,,
gun_length_penetration_horiz_max,1,,,,,,,,
gun_length_deck_hit_ratio_min,5.75,,,,,,,,
gun_length_deck_hit_ratio_max,1.25,,,,,,,,
gun_length_turret_weight_min,0.86,,,,,,,,
gun_length_turret_weight_max,1.2,,,,,,,,
#,,Extra WIP,,,,,,,
crew_heal_chance,10,,,,,,,,
base_max_crew_training,25,,,,,,,,
mine_sweep_radius_ratio,0.7,,,,,,,,
mine_sweep_default_capacity,0.00003,,,,,,,,
mine_sweepers_power_mod,0.5,,,,,,,,
mine_sweep_prevention,0.4,,,,,,,,
mine_sweeping_maintenance_multiplier,1.2,,,,,,,,
minefield_fleet_factor,30000,,,,,,,,
minefield_chance_factor,15000,,,,,,,,
max_minefield_size,300,,,,,,,,
min_minefield_size,50,,,,,,,,
minefield_dmg_factor_ships,0.2,,,,,,,,
minefield_dmg_factor_crew,0.175,,,,,,,,
minefield_hit_spenting,0.02,,,,,,,,
mines_cost_mod,8250,,,,,,,,
minesweep_cost_mod,11250,,,,,,,,
port_ammo_replenish_modifier,1.2,,,,,,,,
ammo_replenishment_sea_mod,0.5,,,,,,,,
ammo_auto_modifier,1.6,,,,,,,,
ammunition_cost_mod,3,additional multiplicative modifier for the ammunition cost,,,,,,,
recon_factor_tons_min,1000,,,,,,,,
recon_factor_tons_max,600,,,,,,,,
fuel_auto_modifier,300,,,,,,,,
fuel_auto_modifier_sub,2,,,,,,,,
ammo_auto_modifier_sub,0.25,,,,,,,,
speed_cruisingspeed_max_penalty,0.66,,,,,,,,
monthly_ship_speed_mod,0.7,,,,,,,,
low_fuel_threshold,10,,,,,,,,
distance_travelled_zone_mod,0.33,,,,,,,,
fuel_battle_max_throttle_mod,1.15,,,,,,,,
lowfuel_maintenance_multiplier,1.25,,,,,,,,
fuel_replenish_modifier,0.95,,,,,,,,
fuel_replenishment_sea_mod,0.4,,,,,,,,
fuel_cost_mod,0.008,,,,,,,,
speed_throttle_max_penalty,0.75,,,,,,,,
minor_ally_event_chance_base,0.05,,,,,,,,
minor_ally_event_chance_liked,0.55,,,,,,,,
minor_ally_place_order,0.3,,,,,,,,
minor_ally_new_ship_order_tonnage_threshold,12000,,,,,,,,
minor_ally_buy_used,0.9,,,,,,,,
ships_count_to_suspend,3,,,,,,,,
shipbuilding_capacity_ratio,0.11,,,,,,,,
improve_relations_chance,0.5,,,,,,,,
increase_tension_chance,0.75,,,,,,,,
effective_men_ratio,0.35,,,,,,,,
Army_Force_Cost_Factor,2500,,,,,,,,
navy_power_rating_divisor,85000000,,,,,,,,
major_nation_threat_chance,0.4,,,,,,,,
oil_per_capita_max_effect,15000000,,,,,,,,
nation_attack_power_ratio,1.5,,,,,,,,
land_battle_kills_factor,0.02,,,,,,,,
cancel_alliance_chance,0.5,,,,,,,,
#,,Submarines,,,,,,,
sub_defend_maintenance_multiplier,0.5,,,,,,,,
sub_unrestricted_maintenance_multiplier,1.5,,,,,,,,
submarine_stealth_stealth_power,10,,,,,,,,
submarine_stealth_speed_power,2.5,,,,,,,,
submarine_stealth_hullstrength_power,3,,,,,,,,
submarine_stealth_crew_power,0.75,,,,,,,,
submarine_combat_attack_power,7.75,,,,,,,,
submarine_combat_displacement_power,0.6,,,,,,,,
submarine_combat_stealth_power,1.85,,,,,,,,
submarine_combat_speed_power,0.55,,,,,,,,
submarine_combat_crew_power,0.5,,,,,,,,
submarine_combat_hullstrength_power,1.25,,,,,,,,
ship_vs_submarine_combat_asw,9.3,,,,,,,,
ship_vs_submarine_combat_speed,0.66,,,,,,,,
ship_vs_submarine_combat_tonnage,0.05,,,,,,,,
ship_vs_submarine_combat_crew,0.35,,,,,,,,
detection_vs_submarine_asw,7.85,,,,,,,,
detection_vs_submarine_speed,0.33,,,,,,,,
detection_vs_submarine_crew,0.33,,,,,,,,
submarine_ship_kills_ratio_mod,2.5,,,,,,,,
depthcharge_cost_mod,1050,,,,,,,,
sub_crew_damage_min,0.4,,,,,,,,
sub_crew_damage_max,0.85,,,,,,,,
submarine_group_base_limit,1,,,,,,,,
submarine_low_fuel_penalty,0.6,,,,,,,,
sub_defend_raidingPower_multiplier,0.75,,,,,,,,
sub_unrestricted_raidingPower_multiplier,2,,,,,,,,
sub_unrestricted_attackRange_multiplier,2,,,,,,,,
unrestricted_tr_losses_min,2.5,,,,,,,,
submarine_minefield_modifier,8,,,,,,,,
submarine_fuel_cost_modifier,1.1,,,,,,,,
sub_near_port_distance,360,,,,,,,,
submarine_group_range_mod,0.0001,,,,,,,,
army_support_factor,1,,,,,,,,
army_support_factor_enemy,5,5.5,3,,,,,,
army_support_factor_attack,30,6.7,18,,,,,,
army_support_factor_defend,5,7.5,3,,,,,,
minor_ally_depart_chance,0.2,,,,,,,,
action_cooldown_time,2,,,,,,,,
ally_support_distance_factor,5000,,,,,,,,
turns_last_diissolve_nation,1,,,,,,,,
colony_percent_army,0.05,"Must be <=1, represents percentage of foreign population that joins the army conscription",,,,,,,
ai_low_fuel_threshold,0.025,,,,,,,,
major_offensive_attack_ratio,1,,,,,,,,
major_offensive_attack_ratio_nationpower,2,,,,,,,,
major_offensive_attack_ratio_minor,0.5,,,,,,,,
peace_treaty_chance,0.8,"Previously hard coded value, determines change of AI diplomacy action for peace treaty",,,,,,,
tension_vs_enemyofally,5,Extra tension caused for enemies of ally,,,,,,,
#,,Taf params,,,,,,,
taf_mines_max_tf_per_player,2,Max number of task forces that can be attacked by mines each turn (the same TF can be attacked any number of times by different fields and it counts only once),,,,,,,
taf_mines_max_tf_attacks_per_player,1,Max number of times mines can attack task forces in a turn (each attack against a TF is a separate instance),,,,,,,
taf_mines_max_ships_per_player,4,Max number of ships that can be attacked in a turn across all of the task forces of the player and all minefields,,,,,,,
taf_mines_max_ships_per_tf,2,Max number of ships that can be attacked in a single task force (across any number of minefield attacks),,,,,,,
taf_mines_fleetfactor_mult_war,2,Multiplier to fleet_factor when at war with the field owner,,,,,,,
taf_mines_fleetfactor_mult_peace,2800,Multiplier to fleet_factor when not at war with the field owner,,,,,,,
taf_mines_tonnagefactor_war,5,Multiplier to task force battletonnage when at war (this is used as a cap to minefield damage),,,,,,,
taf_mines_tonnagefactor_peace,0.04,Multiplier to task force battletonnage when at war (this is used as a cap to minefield damage),,,,,,,
taf_mines_max_randomdamagefactor,300000,This is the from value when remapping damage to number of ships hit. The damage is a random value between fleet_factor to tonnagefactor times field radius divided by detection value,,,,,,,
taf_mines_default_max_ships_per_tf,10,When the random damage value is taf_mines_max_randomdamagefactor it gets remapped to this number of ships. A higher value will map to a higher number of ships, there is no clamping,,,,,,
taf_mines_antimine_min,0.05,The min value to use for the antimine tech,,,,,,,
taf_mines_antimine_max,10,The max value to use for the antimine tech,,,,,,,
taf_mines_ship_damage_percent_min,1,The minimum percent damage to apply to the ship when it hits a mine,,,,,,,
taf_mines_ship_damage_percent_max,200,The maximum percent damage to apply to the ship when it hits a mine. This is before being multiplied by the dmg_factor_ships and by antimine and by the minefield damage mult. Values above 100 are clamped to 100 which means that the default range of 1 to 200 means half the time the ship is sunk and half the time it takes random damage between 1 and 100 percent,,,,,,,
taf_mines_crew_damage_percent_min,5,The minimum percent damage to the crew of the ship,,,,,,,
taf_mines_crew_damage_percent_max,35,The maximum percent damage to the crew of the ship. This is before being multiplied by the dmg_factor_crew and by antimine and by the minefield damage mult.,,,,,,,
taf_shareddesign_maxYearsIntoFuture,5,the maximum number of years ahead of the current year where a design will be considered. Default 10.,,,,,,,
taf_shareddesign_yearsInPastForSplit,5,ships beyond this number of years in the past will be placed in a lower priority bucket to be used only if there are no newer ships, or some of these ships are very close to the oldest new ship. Default 5.,,,,,,
taf_shareddesign_yearClosenessAroundSplit,3,if an older ship's creation date is closer than this to the oldest new ship it is included as well. Default 3.,,,,,,,
taf_shareddesign_bestTechValue,0.9,if at least one ship has greater than this tech commonality that set of ships will be randomly selected from as the shared design. Default 0.9,,,,,,,
taf_shareddesign_okTechValue,0.75,if there are no best ships any ships with greater tech commonality than this will be the next selection group. Default 0.75.,,,,,,,
taf_shareddesign_minTechValue,0.5,if no better ships are available any ships with greater tech commonality than this will be the final selection group. If no ships make even this level of commonality no shared design is returned. Default 0.5. Lastly when 1890 is the selected year in the shared design constructor only actual starting techs will be enabled for the ship rather than any tech with 1890 as its year. This prevents 1890 shared designs being actually unavailable to the AI on campaign start.,,,,,,,
taf_scrap_enable,0,,,,,,,,
taf_scrap_buildTimeCoeff,1,the coefficient to build time,,,,,,,
taf_scrap_mothballScoreAddYears,5,the score to add when a ship is mothballed,,,,,,,
taf_scrap_hysteresis,50000,In order to not scrap every turn the AI will only scrap when its fleet tonnage is greater than its scrap target plus this. Once scrapping it will scrap down to the scrap target however.,,,,,,,
taf_scrap_capacityExponent,0.7,an exponent to shipyard capacity. This is multiplied by the Coeff to get the scrap target tonnage.,,,,,,,
taf_scrap_capacityCoeff,40,target tonnage is min_fleet_tonnage_for_scrap plus the coeff times (shipyard capacity to the capacity Exponent power).,,,,,,,
taf_conquest_event_chance_mult_starting_duration,0.01,,,,,,,,
taf_conquest_event_chance_mult_full_duration,0.5,,,,,,,,
taf_conquest_event_add_chance,0.66,,,,,,,,
taf_conquest_event_kill_factor,0.05,,,,,,,,
taf_versiontext,3,,,,,,,,
taf_override_map,1,,,,,,,,
taf_shipgen_limit_calibercounts_main,1,,,,,,,,
